SITE_ID;PROGRAM_ID;LATDD;LONDD;LATDD_CENTROID;LONDD_CENTROID;SITE_NAME;COMID;FEATUREID;COUNTY;STATE;ECOREGION_I;ECOREGION_II;ECOREGION_III;ECOREGION_IV;ECONAME_I;ECONAME_II;ECONAME_III;ECONAME_IV;LAKE_DEPTH_MAX;LAKE_DEPTH_MEAN;LAKE_RET;LAKE_AREA_HA;LAKE_AREA_NHD2;WSHD_AREA_HA;SITE_ELEV;WSHD_ELEV_AVG;WSHD_ELEV_MIN;WSHD_ELEV_MAX;WSHD_SLOPE_AVG;UPDATE_DATE
01364959;LTM_CAT;41,936900;-74,375000;;;Rondout Creek;6 199 754;6 199 754;Ulster;New York;5;5;5.3;58y;Northern Forests;Atlantic Highlands;Northern Appalachian And Atlantic Maritime Highlands;Catskill High Peaks;;;;;;;516,350;785,620;515,970;1163,990;13,870;
0143400680;LTM_CAT;41,966900;-74,448300;;;East Branch Neversink, Headwater;4 147 950;4 147 950;Ulster;New York;5;5;5.3;58y;Northern Forests;Atlantic Highlands;Northern Appalachian And Atlantic Maritime Highlands;Catskill High Peaks;;;;;;;651,660;899,310;651,480;1264,990;15,030;
01434021;LTM_CAT;42,011100;-74,414700;;;W Br Neversink R At Winnisook Lake;4 146 586;4 146 586;Ulster;New York;5;5;5.3;58y;Northern Forests;Atlantic Highlands;Northern Appalachian And Atlantic Maritime Highlands;Catskill High Peaks;;;;;;;824,170;1030,470;815,090;1238,210;16,600;
01434025;LTM_CAT;41,995300;-74,501400;;;Biscuit Brook;4 147 946;4 147 946;Ulster;New York;5;5;5.3;58y;Northern Forests;Atlantic Highlands;Northern Appalachian And Atlantic Maritime Highlands;Catskill High Peaks;;;;;;;635,050;869,600;625,420;1116,490;14,630;
01434105;LTM_CAT;41,976300;-74,523500;;;High Falls Brook;4 147 378;4 147 378;Ulster;New York;5;5;5.3;58y;Northern Forests;Atlantic Highlands;Northern Appalachian And Atlantic Maritime Highlands;Catskill High Peaks;;;;;;;593,700;832,510;583,910;1171,710;13,080;
020058;LTM_ALTM;44,517090;-74,126040;44,517310;-74,126290;Little Hope Pond;9 522 119;9 522 529;Franklin;New York;5;5.3;5.3.1;58ad;Northern Forests;Atlantic Highlands;Northern Appalachian And Atlantic Maritime Highlands;Central Adirondacks;6,200;3,500;;2,800;2,170;59,760;516,970;546,830;516,490;593,040;9,550;02/06/2020 09:36:22
020059;LTM_ME;44,513600;-74,126730;44,513690;-74,126830;Big Hope Pond;9 522 129;9 522 529;Franklin;New York;5;5.3;5.3.1;58ad;Northern Forests;Atlantic Highlands;Northern Appalachian And Atlantic Maritime Highlands;Central Adirondacks;11,500;5,800;;8,900;7,700;98,910;516,230;536,600;513,180;593,040;7,090;02/06/2020 09:36:22
020059;LTM_ALTM;44,513600;-74,126730;44,513690;-74,126830;Big Hope Pond;9 522 129;9 522 529;Franklin;New York;5;5.3;5.3.1;58ad;Northern Forests;Atlantic Highlands;Northern Appalachian And Atlantic Maritime Highlands;Central Adirondacks;11,500;5,800;;8,900;7,700;98,910;516,230;536,600;513,180;593,040;7,090;02/06/2020 09:36:22
020138;LTM_ALTM;44,313840;-74,373350;44,313950;-74,376240;East Copperas Pond;9 523 543;9 524 877;Franklin;New York;5;5.3;5.3.1;58ad;Northern Forests;Atlantic Highlands;Northern Appalachian And Atlantic Maritime Highlands;Central Adirondacks;6,400;4,100;;3,600;9,970;18,900;480,080;483,650;479,570;493,980;3,260;02/06/2020 09:36:22
020188;LTM_ALTM;44,346090;-74,300650;44,346100;-74,300660;Sunday Pond;9 523 439;9 524 381;Franklin;New York;5;5.3;5.3.1;58ad;Northern Forests;Atlantic Highlands;Northern Appalachian And Atlantic Maritime Highlands;Central Adirondacks;11,000;5,400;;4,000;4,340;29,340;494,950;495,260;494,950;497,150;0,330;02/06/2020 09:36:22
020197;LTM_ALTM;44,352820;-74,294240;44,352830;-74,294340;Sochia Pond;9 523 423;9 524 381;Franklin;New York;5;5.3;5.3.1;58ad;Northern Forests;Atlantic Highlands;Northern Appalachian And Atlantic Maritime Highlands;Central Adirondacks;5,500;3,100;;1,600;1,540;38,430;494,950;496,060;494,440;501,030;1,240;02/06/2020 09:36:22
030171;LTM_ALTM;44,656980;-74,495620;44,656880;-74,495640;Grass Pond (3);;15 457 138;Franklin;New York;5;5.3;5.3.1;58ab;Northern Forests;Atlantic Highlands;Northern Appalachian And Atlantic Maritime Highlands;Northern and Western Adirondack Foothills;7,000;4,200;;1,600;1,890;44,730;381,210;409,030;379,960;433,810;;02/06/2020 09:36:22
030172;LTM_ALTM;44,660220;-74,496320;44,662370;-74,500420;Little Clear Pond;15 454 556;15 457 138;Franklin;New York;5;5.3;5.3.1;58ab;Northern Forests;Atlantic Highlands;Northern Appalachian And Atlantic Maritime Highlands;Northern and Western Adirondack Foothills;14,000;5,500;;1,900;3,390;79,560;381,700;408,400;379,960;433,810;8,810;02/06/2020 09:36:22
030255;LTM_ALTM;44,432190;-74,298130;;;Black Pond Stream;15 458 654;15 458 654;Franklin;New York;5;5;5.3;58ad;Northern Forests;Atlantic Highlands;Northern Appalachian And Atlantic Maritime Highlands;Central Adirondacks;;;;;;;495,090;517,290;494,070;591,710;6,887;
040210;LTM_ME;43,968210;-74,957080;43,969320;-74,955100;Willys Lake;15 493 528;15 494 416;Herkimer;New York;5;5.3;5.3.1;58aa;Northern Forests;Atlantic Highlands;Northern Appalachian And Atlantic Maritime Highlands;Acid Sensitive Adirondacks;13,700;4,900;;24,300;24,400;149,310;631,980;654,100;624,290;729,260;13,430;02/06/2020 09:36:22
040210;LTM_ALTM;43,968210;-74,957080;43,969320;-74,955100;Willys Lake;15 493 528;15 494 416;Herkimer;New York;5;5.3;5.3.1;58aa;Northern Forests;Atlantic Highlands;Northern Appalachian And Atlantic Maritime Highlands;Acid Sensitive Adirondacks;13,700;4,900;;24,300;24,400;149,310;631,980;654,100;624,290;729,260;13,430;02/06/2020 09:36:22
040576;LTM_ALTM;43,865660;-74,955120;43,870030;-74,952320;Woods Lake;15 509 626;15 510 356;Herkimer;New York;5;5.3;5.3.1;58aa;Northern Forests;Atlantic Highlands;Northern Appalachian And Atlantic Maritime Highlands;Acid Sensitive Adirondacks;10,100;3,500;;24,700;24,930;206,460;600,680;636,950;596,830;731,240;15,130;02/06/2020 09:36:22
040704;LTM_ALTM;43,683480;-75,101160;43,685100;-75,097400;Middle Settlement Lake;15 512 166;15 513 490;Herkimer;New York;5;5.3;5.3.1;58aa;Northern Forests;Atlantic Highlands;Northern Appalachian And Atlantic Maritime Highlands;Acid Sensitive Adirondacks;11,000;3,400;;15,800;7,830;92,160;526,280;551,750;525,960;606,570;13,210;02/06/2020 09:36:22
040707;LTM_ALTM;43,698150;-75,101600;43,701610;-75,098310;Middle Branch Lake;15 512 138;15 513 440;Herkimer;New York;5;5.3;5.3.1;58aa;Northern Forests;Atlantic Highlands;Northern Appalachian And Atlantic Maritime Highlands;Acid Sensitive Adirondacks;5,200;2,100;;17,000;18,780;274,230;496,460;522,720;495,270;641,700;9,650;02/06/2020 09:36:22
040826;LTM_ALTM;43,713010;-74,812460;43,711970;-74,798670;Limekiln Lake;15 509 906;15 510 564;Herkimer;New York;5;5.3;5.3.1;58aa;Northern Forests;Atlantic Highlands;Northern Appalachian And Atlantic Maritime Highlands;Acid Sensitive Adirondacks;21,900;6,100;;186,900;185,710;1433,340;575,290;642,610;570,540;886,360;15,280;02/06/2020 09:36:22
040850;LTM_ALTM;43,636450;-74,738440;43,632760;-74,738630;Squaw Lake;15 510 018;15 510 710;Hamilton;New York;5;5.3;5.3.1;58aa;Northern Forests;Atlantic Highlands;Northern Appalachian And Atlantic Maritime Highlands;Acid Sensitive Adirondacks;6,700;3,400;;36,400;39,210;200,880;644,830;667,930;645,760;773,090;10,110;02/06/2020 09:36:22
040850;LTM_ME;43,636450;-74,738440;43,632760;-74,738630;Squaw Lake;15 510 018;15 510 710;Hamilton;New York;5;5.3;5.3.1;58aa;Northern Forests;Atlantic Highlands;Northern Appalachian And Atlantic Maritime Highlands;Acid Sensitive Adirondacks;6,700;3,400;;36,400;39,210;200,880;644,830;667,930;645,760;773,090;10,110;02/06/2020 09:36:22
040852;LTM_ME;43,622860;-74,760750;43,617450;-74,755700;Indian Lake;15 510 040;15 511 466;Hamilton;New York;5;5.3;5.3.1;58aa;Northern Forests;Atlantic Highlands;Northern Appalachian And Atlantic Maritime Highlands;Acid Sensitive Adirondacks;10,700;3,000;;33,200;33,400;1101,600;652,350;728,830;651,990;881,170;13,610;02/06/2020 09:36:22
040852;LTM_ALTM;43,622860;-74,760750;43,617450;-74,755700;Indian Lake;15 510 040;15 511 466;Hamilton;New York;5;5.3;5.3.1;58aa;Northern Forests;Atlantic Highlands;Northern Appalachian And Atlantic Maritime Highlands;Acid Sensitive Adirondacks;10,700;3,000;;33,200;33,400;1101,600;652,350;728,830;651,990;881,170;13,610;02/06/2020 09:36:22
040874;LTM_ALTM;43,599900;-74,662360;43,602980;-74,663080;Brook Trout Lake;15 510 068;15 510 818;Hamilton;New York;5;5.3;5.3.1;58aa;Northern Forests;Atlantic Highlands;Northern Appalachian And Atlantic Maritime Highlands;Acid Sensitive Adirondacks;23,200;8,400;;28,700;30,590;159,750;724,030;774,360;713,980;898,710;22,210;02/06/2020 09:36:22
040887;LTM_ALTM;43,646430;-74,561770;43,646520;-74,556960;Lost Pond;15 510 004;15 510 714;Hamilton;New York;5;5.3;5.3.1;58aa;Northern Forests;Atlantic Highlands;Northern Appalachian And Atlantic Maritime Highlands;Acid Sensitive Adirondacks;1,200;0,700;;4,400;5,100;139,050;717,130;751,430;716,960;811,290;13,240;02/06/2020 09:36:22
041007;LTM_ALTM;43,522180;-74,947890;43,539370;-74,927100;North Lake;15 510 136;15 510 912;Herkimer;New York;5;5.3;5.3.1;58aa;Northern Forests;Atlantic Highlands;Northern Appalachian And Atlantic Maritime Highlands;Acid Sensitive Adirondacks;17,700;5,700;;176,800;180,240;7718,310;557,130;671,480;550,720;823,260;12,760;02/06/2020 09:36:22
041007;LTM_ME;43,522180;-74,947890;43,539370;-74,927100;North Lake;15 510 136;15 510 912;Herkimer;New York;5;5.3;5.3.1;58aa;Northern Forests;Atlantic Highlands;Northern Appalachian And Atlantic Maritime Highlands;Acid Sensitive Adirondacks;17,700;5,700;;176,800;180,240;7718,310;557,130;671,480;550,720;823,260;12,760;02/06/2020 09:36:22
04253630;LTM_ALTM;43,825090;-74,838500;;;Constable Pond Stream;15 510 408;15 510 408;Herkimer;New York;5;5;5.3;58aa;Northern Forests;Atlantic Highlands;Northern Appalachian And Atlantic Maritime Highlands;Acid Sensitive Adirondacks;;;;;;;561,050;641,950;578,970;761,260;7,677;
04253635;LTM_ALTM;43,821700;-74,882460;;;Squash Pond Stream;;15 511 264;Herkimer;New York;5;5;5.3;58aa;Northern Forests;Atlantic Highlands;Northern Appalachian And Atlantic Maritime Highlands;Acid Sensitive Adirondacks;;;;;;;569,770;674,030;569,770;758,350;7,843;
04253639;LTM_ALTM;43,813580;-74,883470;;;West Pond Stream;15 510 422;15 510 422;Herkimer;New York;5;5;5.3;58aa;Northern Forests;Atlantic Highlands;Northern Appalachian And Atlantic Maritime Highlands;Acid Sensitive Adirondacks;;;;;;;575,810;592,920;575,810;664,690;5,319;
04253660;LTM_ALTM;43,803950;-74,849110;;;Windfall Pond Stream;15 510 432;15 510 432;Herkimer;New York;5;5;5.3;58aa;Northern Forests;Atlantic Highlands;Northern Appalachian And Atlantic Maritime Highlands;Acid Sensitive Adirondacks;;;;;;;538,820;633,070;579,270;732,500;8,281;
04253712;LTM_ALTM;43,783690;-74,836590;;;Cascade Lake Stream;15 510 454;15 510 454;Herkimer;New York;5;5;5.3;58aa;Northern Forests;Atlantic Highlands;Northern Appalachian And Atlantic Maritime Highlands;Acid Sensitive Adirondacks;;;;;;;542,340;606,750;540,820;758,670;9,861;
04253740;LTM_ALTM;43,780880;-74,853390;;;Bubb Lake Stream;15 510 456;15 510 456;Herkimer;New York;5;5;5.3;58aa;Northern Forests;Atlantic Highlands;Northern Appalachian And Atlantic Maritime Highlands;Acid Sensitive Adirondacks;;;;;;;537,700;617,430;547,040;722,250;7,580;
050215;LTM_ALTM;43,370290;-74,246240;43,369190;-74,242960;Willis Lake;22 295 080;22 297 600;Hamilton;New York;5;5.3;5.3.1;58aa;Northern Forests;Atlantic Highlands;Northern Appalachian And Atlantic Maritime Highlands;Acid Sensitive Adirondacks;2,700;1,600;;14,600;15,580;137,520;399,990;428,120;390,030;566,590;13,910;02/06/2020 09:36:22
050649;LTM_ALTM;43,837890;-74,479030;43,836890;-74,480910;Long Pond;;22 305 705;Hamilton;New York;5;5.3;5.3.1;58aa;Northern Forests;Atlantic Highlands;Northern Appalachian And Atlantic Maritime Highlands;Acid Sensitive Adirondacks;4,000;2,000;;1,700;1,840;32,310;572,250;587,580;571,650;608,510;13,750;02/06/2020 09:36:22
050669;LTM_ALTM;43,682040;-74,488560;43,682290;-74,488670;Carry Pond;22 305 305;22 305 939;Hamilton;New York;5;5.3;5.3.1;58ad;Northern Forests;Atlantic Highlands;Northern Appalachian And Atlantic Maritime Highlands;Central Adirondacks;4,600;2,200;;2,800;2,820;15,210;652,190;654,720;648,560;660,310;2,460;02/06/2020 09:36:22
050706;LTM_ALTM;44,119380;-73,982610;44,122660;-73,979530;Lake Colden;22 302 759;22 302 865;Essex;New York;5;5.3;5.3.1;58j;Northern Forests;Atlantic Highlands;Northern Appalachian And Atlantic Maritime Highlands;Upper Montane/Alpine Zone;7,300;2,300;;15,400;13,190;656,460;844,340;1300,670;1129,970;1509,330;41,570;02/06/2020 09:36:22
050707;LTM_ALTM;44,130560;-73,969830;44,132870;-73,966810;Avalanche Lake;22 302 757;22 302 861;Essex;New York;5;5.3;5.3.1;58j;Northern Forests;Atlantic Highlands;Northern Appalachian And Atlantic Maritime Highlands;Upper Montane/Alpine Zone;7,000;3,300;;4,400;3,400;124,110;875,230;1094,150;872,930;1427,220;64,440;02/06/2020 09:36:22
060182;LTM_ALTM;44,161540;-74,441300;44,155310;-74,444670;Little Simon Pond;15 466 103;15 466 943;Franklin;New York;5;5.3;5.3.1;58aa;Northern Forests;Atlantic Highlands;Northern Appalachian And Atlantic Maritime Highlands;Acid Sensitive Adirondacks;32,000;11,000;;58,100;60,230;738,900;544,040;635,020;543,500;949,800;22,390;02/06/2020 09:36:22
060315A;LTM_ALTM;43,794920;-74,651300;43,793010;-74,651860;Raquette Lake Reservoir;;15 469 209;Hamilton;New York;5;5.3;5.3.1;58aa;Northern Forests;Atlantic Highlands;Northern Appalachian And Atlantic Maritime Highlands;Acid Sensitive Adirondacks;3,000;1,600;;1,500;2,060;416,430;568,010;624,550;564,990;717,550;15,500;02/06/2020 09:36:22
070728;LTM_ALTM;43,181090;-74,503200;;;Otter Lake Stream;22 741 391;22 741 391;Fulton;New York;5;5;5.3;58aa;Northern Forests;Atlantic Highlands;Northern Appalachian And Atlantic Maritime Highlands;Acid Sensitive Adirondacks;;;;;;;486,150;567,520;484,900;669,610;9,147;
070859;LTM_ALTM;43,418620;-74,636160;43,414210;-74,632510;G Lake;22 739 021;22 739 563;Hamilton;New York;5;5.3;5.3.1;58aa;Northern Forests;Atlantic Highlands;Northern Appalachian And Atlantic Maritime Highlands;Acid Sensitive Adirondacks;9,800;4,500;;32,200;34,720;432,360;619,420;717,470;614,990;909,740;16,570;02/06/2020 09:36:22
1A1-017;LTM_ALTM;43,831010;-74,806420;43,832900;-74,798200;Constable Pond;15 509 724;15 511 244;Hamilton;New York;5;5.3;5.3.1;58aa;Northern Forests;Atlantic Highlands;Northern Appalachian And Atlantic Maritime Highlands;Acid Sensitive Adirondacks;4,000;2,100;;20,600;21,980;941,850;579,650;641,000;579,640;761,260;13,290;02/06/2020 09:36:22
1A1-029;LTM_ALTM;44,337280;-74,371980;44,339350;-74,379130;Middle Pond;9 523 465;9 524 869;Franklin;New York;5;5.3;5.3.1;58ad;Northern Forests;Atlantic Highlands;Northern Appalachian And Atlantic Maritime Highlands;Central Adirondacks;3,300;1,500;;24,300;22,990;204,840;483,070;501,740;483,590;549,960;7,570;02/06/2020 09:36:22
1A1-052;LTM_ALTM;43,982300;-74,235560;43,987870;-74,241510;Arbutus Pond;22 305 077;22 306 779;Essex;New York;5;5.3;5.3.1;58ad;Northern Forests;Atlantic Highlands;Northern Appalachian And Atlantic Maritime Highlands;Central Adirondacks;7,900;2,800;;48,900;47,640;341,190;515,770;664,200;612,730;735,780;21,190;02/06/2020 09:36:22
1A1-059;LTM_ALTM;43,766050;-74,628370;43,767580;-74,619350;Sagamore Lake;15 468 635;15 469 567;Hamilton;New York;5;5.3;5.3.1;58aa;Northern Forests;Atlantic Highlands;Northern Appalachian And Atlantic Maritime Highlands;Acid Sensitive Adirondacks;22,900;10,500;;68,000;65,130;4832,910;580,390;721,310;579,820;1147,230;13,330;02/06/2020 09:36:22
1A1-071;LTM_ALTM;44,439100;-74,293900;44,437860;-74,293510;Black Pond;15 457 286;15 458 654;Franklin;New York;5;5.3;5.3.1;58ad;Northern Forests;Atlantic Highlands;Northern Appalachian And Atlantic Maritime Highlands;Central Adirondacks;13,700;6,200;;29,000;34,180;249,390;494,970;522,180;494,910;687,450;13,200;02/06/2020 09:36:22
1A1-089;LTM_ALTM;43,805430;-74,802300;43,810530;-74,799510;Queer Lake;15 509 754;15 511 260;Hamilton;New York;5;5.3;5.3.1;58aa;Northern Forests;Atlantic Highlands;Northern Appalachian And Atlantic Maritime Highlands;Acid Sensitive Adirondacks;21,300;10,900;;54,500;56,190;349,650;597,140;632,430;596,970;731,930;13,680;02/06/2020 09:36:22
1A1-102;LTM_ALTM;44,180500;-73,967260;44,182290;-73,969200;Heart Lake;9 527 711;9 528 181;Essex;New York;5;5.3;5.3.1;58z;Northern Forests;Atlantic Highlands;Northern Appalachian And Atlantic Maritime Highlands;Adirondack High Peaks;16,800;5,100;;10,700;9,520;67,860;659,880;694,910;659,720;862,740;19,460;02/06/2020 09:36:22
1A1-103;LTM_ALTM;43,816870;-74,856110;43,832210;-74,846460;Big Moose Lake;15 509 692;15 511 246;Herkimer;New York;5;5.3;5.3.1;58aa;Northern Forests;Atlantic Highlands;Northern Appalachian And Atlantic Maritime Highlands;Acid Sensitive Adirondacks;21,300;6,800;;512,500;506,860;9656,010;557,240;649,220;574,950;889,730;13,470;02/06/2020 09:36:22
1A1-105;LTM_ALTM;43,789100;-74,812040;43,790390;-74,802360;Cascade Lake;15 509 800;15 511 266;Hamilton;New York;5;5.3;5.3.1;58aa;Northern Forests;Atlantic Highlands;Northern Appalachian And Atlantic Maritime Highlands;Acid Sensitive Adirondacks;6,100;4,200;;40,400;40,300;490,320;556,830;610,070;555,960;758,670;18,980;02/06/2020 09:36:22
1A1-106;LTM_ALTM;43,793760;-74,872570;43,795480;-74,864090;Dart Lake;15 509 780;15 511 268;Herkimer;New York;5;5.3;5.3.1;58aa;Northern Forests;Atlantic Highlands;Northern Appalachian And Atlantic Maritime Highlands;Acid Sensitive Adirondacks;17,700;7,300;;51,800;55,390;11247,480;536,490;647,200;574,950;889,730;13,590;02/06/2020 09:36:22
1A1-107;LTM_ALTM;44,305760;-74,357210;44,308490;-74,355640;Little Echo Pond;9 523 559;9 524 879;Franklin;New York;5;5.3;5.3.1;58ad;Northern Forests;Atlantic Highlands;Northern Appalachian And Atlantic Maritime Highlands;Central Adirondacks;4,600;2,900;;0,800;7,390;7,020;481,990;483,100;481,080;490,230;1,390;02/06/2020 09:36:22
1A1-109;LTM_ALTM;43,781400;-74,852990;43,784830;-74,850470;Moss Lake;15 509 810;15 511 270;Herkimer;New York;5;5.3;5.3.1;58aa;Northern Forests;Atlantic Highlands;Northern Appalachian And Atlantic Maritime Highlands;Acid Sensitive Adirondacks;15,200;5,700;;45,700;47,280;1238,490;537,770;605,400;540,820;758,670;16,420;02/06/2020 09:36:22
1A1-110;LTM_ALTM;43,760880;-74,915920;43,766970;-74,901360;Lake Rondaxe;15 509 818;15 511 346;Herkimer;New York;5;5.3;5.3.1;58aa;Northern Forests;Atlantic Highlands;Northern Appalachian And Atlantic Maritime Highlands;Acid Sensitive Adirondacks;10,100;3,000;;90,500;94,510;14559,120;524,870;639,180;540,820;889,730;14,100;02/06/2020 09:36:22
1A1-111;LTM_ALTM;43,825570;-74,886140;43,826490;-74,886990;Squash Pond;;15 511 264;Herkimer;New York;5;5.3;5.3.1;58aa;Northern Forests;Atlantic Highlands;Northern Appalachian And Atlantic Maritime Highlands;Acid Sensitive Adirondacks;5,800;1,400;;3,300;4,940;100,440;652,640;677,800;652,460;758,890;13,900;02/06/2020 09:36:22
1A1-112;LTM_ALTM;43,811890;-74,882960;43,811020;-74,879370;West Pond;15 509 760;15 511 620;Herkimer;New York;5;5.3;5.3.1;58aa;Northern Forests;Atlantic Highlands;Northern Appalachian And Atlantic Maritime Highlands;Acid Sensitive Adirondacks;5,200;1,500;;10,400;9,900;103,590;581,380;595,010;580,770;664,690;9,940;02/06/2020 09:36:22
1A2-028;LTM_ALTM;44,323270;-73,903040;44,321560;-73,901140;Owen Pond;9 527 619;9 528 301;Essex;New York;5;5.3;5.3.1;58z;Northern Forests;Atlantic Highlands;Northern Appalachian And Atlantic Maritime Highlands;Adirondack High Peaks;9,400;3,700;;7,600;7,750;1151,280;515,180;739,180;513,900;1170,830;31,320;02/06/2020 09:36:22
1A2-066;LTM_ALTM;43,302030;-74,585810;43,303300;-74,593620;Jockeybush Lake;22 295 224;22 297 650;Hamilton;New York;5;5.3;5.3.1;58aa;Northern Forests;Atlantic Highlands;Northern Appalachian And Atlantic Maritime Highlands;Acid Sensitive Adirondacks;11,300;4,500;;17,300;17,810;134,820;598,530;643,200;597,490;758,080;19,200;02/06/2020 09:36:22
1A2-076;LTM_ALTM;43,566260;-75,227010;43,566110;-75,226940;Barnes Lake;15 512 302;15 514 484;Lewis;New York;5;5.3;5.3.1;58ab;Northern Forests;Atlantic Highlands;Northern Appalachian And Atlantic Maritime Highlands;Northern and Western Adirondack Foothills;10,100;4,500;;2,900;3,590;;394,920;;;;;02/06/2020 09:36:22
1A2-077;LTM_ALTM;43,995680;-73,830820;43,997190;-73,824350;Clear Pond;22 303 643;22 304 131;Essex;New York;5;5.3;5.3.1;58z;Northern Forests;Atlantic Highlands;Northern Appalachian And Atlantic Maritime Highlands;Adirondack High Peaks;24,400;9,200;;70,400;46,970;548,730;583,050;681,250;580,270;1096,500;17,890;02/06/2020 09:36:22
1A2-078;LTM_ALTM;43,188050;-74,500000;43,188370;-74,499350;Otter Lake;22 739 253;22 741 383;Fulton;New York;5;5.3;5.3.1;58aa;Northern Forests;Atlantic Highlands;Northern Appalachian And Atlantic Maritime Highlands;Acid Sensitive Adirondacks;4,000;;;16,200;16,160;337,770;504,900;572,980;503,880;662,100;15,850;02/06/2020 09:36:22
1A3-001;LTM_ALTM;43,858900;-74,093770;43,857520;-74,090380;Nate Pond;22 305 153;22 306 793;Essex;New York;5;5.3;5.3.1;58ad;Northern Forests;Atlantic Highlands;Northern Appalachian And Atlantic Maritime Highlands;Central Adirondacks;6,400;2,300;;8,300;8,690;100,350;612,470;642,930;611,760;744,750;12,310;02/06/2020 09:36:22
1A3-048;LTM_ALTM;43,690660;-75,064620;43,692070;-75,061720;Grass Pond;15 512 150;15 515 396;Herkimer;New York;5;5.3;5.3.1;58aa;Northern Forests;Atlantic Highlands;Northern Appalachian And Atlantic Maritime Highlands;Acid Sensitive Adirondacks;5,200;1,500;;5,300;6,020;;548,670;;;;;02/06/2020 09:36:22
1A3-065;LTM_ME;43,508770;-74,881680;43,511650;-74,888150;South Lake (East Branch);15 510 202;15 511 546;Herkimer;New York;5;5.3;5.3.1;58aa;Northern Forests;Atlantic Highlands;Northern Appalachian And Atlantic Maritime Highlands;Acid Sensitive Adirondacks;18,300;8,300;;197,400;199,290;1630,620;617,460;678,090;609,270;799,450;13,420;02/06/2020 09:36:22
1A3-065;LTM_ALTM;43,508770;-74,881680;43,511650;-74,888150;South Lake (East Branch);15 510 202;15 511 546;Herkimer;New York;5;5.3;5.3.1;58aa;Northern Forests;Atlantic Highlands;Northern Appalachian And Atlantic Maritime Highlands;Acid Sensitive Adirondacks;18,300;8,300;;197,400;199,290;1630,620;617,460;678,090;609,270;799,450;13,420;02/06/2020 09:36:22
1C1-078;LTM_ME;45,127200;-69,978100;45,127050;-69,978640;Bean Pond;3 318 130;3 319 290;Somerset;Maine;5;5.3;5.3.1;58m;Northern Forests;Atlantic Highlands;Northern Appalachian And Atlantic Maritime Highlands;Quebec/New England Boundary Mountains;9,000;;;12,400;14,620;140,490;383,120;404,680;380,870;444,770;10,050;02/06/2020 09:36:22
1C1-089;LTM_VT;43,105500;-73,002800;43,106210;-73,002200;Bourn;22 287 811;22 287 551;Bennington;Vermont;5;5.3;5.3.1;58j;Northern Forests;Atlantic Highlands;Northern Appalachian And Atlantic Maritime Highlands;Upper Montane/Alpine Zone;8,100;;;22,400;18,150;114,120;778,350;790,360;766,100;818,450;6,070;02/06/2020 09:36:22
1C1-090;LTM_VT;43,045500;-72,945800;43,043270;-72,944990;Grout Pond;10 293 566;10 293 596;Windham;Vermont;5;5.3;5.3.1;58c;Northern Forests;Atlantic Highlands;Northern Appalachian And Atlantic Maritime Highlands;Green Mountains/Berkshire Highlands;10,000;;;32,900;31,930;158,490;681,800;699,140;679,850;750,680;9,630;02/06/2020 09:36:22
1C1-091;LTM_VT;44,468000;-72,500000;44,467890;-72,499430;Hardwood Pond;4 576 988;4 578 188;Lamoille;Vermont;5;5.3;5.3.1;58c;Northern Forests;Atlantic Highlands;Northern Appalachian And Atlantic Maritime Highlands;Green Mountains/Berkshire Highlands;4,500;;;19,000;18,920;66,690;478,340;492,360;477,220;542,560;8,970;02/06/2020 09:36:22
1C1-093;LTM_VT;42,925000;-73,065300;42,925200;-73,064830;Little Pond;10 295 428;10 295 758;Bennington;Vermont;5;5.3;5.3.1;58j;Northern Forests;Atlantic Highlands;Northern Appalachian And Atlantic Maritime Highlands;Upper Montane/Alpine Zone;8,500;3,100;;7,100;6,810;143,370;793,010;871,390;791,300;1014,100;17,520;02/06/2020 09:36:22
1C1-095;LTM_VT;42,822200;-73,065300;42,822420;-73,065110;Stamford Pond;10 295 504;10 295 672;Bennington;Vermont;5;5.3;5.3.1;58c;Northern Forests;Atlantic Highlands;Northern Appalachian And Atlantic Maritime Highlands;Green Mountains/Berkshire Highlands;4,000;;;3,600;4,490;102,960;720,780;800,060;720,770;934,680;25,530;02/06/2020 09:36:22
1C1-097;LTM_VT;42,919400;-72,683300;42,918120;-72,683450;Sunset Lake;10 103 454;10 103 956;Windham;Vermont;5;5.3;5.3.1;58c;Northern Forests;Atlantic Highlands;Northern Appalachian And Atlantic Maritime Highlands;Green Mountains/Berkshire Highlands;12,100;;;37,700;40,660;217,080;418,960;447,110;418,140;519,490;12,200;02/06/2020 09:36:22
1C1-100;LTM_VT;43,313900;-72,930500;43,314490;-72,930870;Big Mud;22 221 867;22 222 065;Rutland;Vermont;5;5.3;5.3.1;58j;Northern Forests;Atlantic Highlands;Northern Appalachian And Atlantic Maritime Highlands;Upper Montane/Alpine Zone;1,500;;;6,100;5,620;106,380;789,010;835,330;789,010;960,690;10,360;02/06/2020 09:36:22
1C1-101;LTM_VT;43,081100;-73,018600;43,080860;-73,019210;Branch Pond;22 287 839;22 288 529;Bennington;Vermont;5;5.3;5.3.1;58j;Northern Forests;Atlantic Highlands;Northern Appalachian And Atlantic Maritime Highlands;Upper Montane/Alpine Zone;10,400;;;17,200;20,120;179,190;802,100;821,330;798,540;938,680;6,760;02/06/2020 09:36:22
1C1-107;LTM_VT;45,005600;-71,941700;45,004880;-71,941460;Beaver Pond;4 598 991;4 599 053;Orleans;Vermont;5;5.3;5.3.1;58l;Northern Forests;Atlantic Highlands;Northern Appalachian And Atlantic Maritime Highlands;Northern Piedmont;25,200;;;18,200;17,720;249,570;465,820;519,870;461,350;720,000;15,390;02/06/2020 09:36:23
1C1-110;LTM_VT;42,916700;-72,916700;42,917920;-72,916620;Haystack Pond;10 294 104;10 295 292;Windham;Vermont;5;5.3;5.3.1;58j;Northern Forests;Atlantic Highlands;Northern Appalachian And Atlantic Maritime Highlands;Upper Montane/Alpine Zone;12,000;;;10,800;12,170;56,700;907,890;930,750;842,180;1049,390;20,290;02/06/2020 09:36:23
1C1-112;LTM_VT;42,785600;-72,987500;42,784350;-72,986130;Howe Pond;10 294 146;10 295 192;Bennington;Vermont;5;5.3;5.3.1;58c;Northern Forests;Atlantic Highlands;Northern Appalachian And Atlantic Maritime Highlands;Green Mountains/Berkshire Highlands;9,400;;;20,900;21,560;777,960;590,870;691,110;588,930;836,340;13,970;02/06/2020 09:36:23
1C3-076;LTM_VT;43,081700;-72,868000;43,081390;-72,867420;Forester Pond;10 102 028;10 102 896;Windham;Vermont;5;5.3;5.3.1;58c;Northern Forests;Atlantic Highlands;Northern Appalachian And Atlantic Maritime Highlands;Green Mountains/Berkshire Highlands;1,600;;;3,200;3,780;31,680;531,900;564,010;531,880;661,470;14,190;02/06/2020 09:36:23
1E1-060;LTM_ME;44,962500;-68,122200;44,961950;-68,122340;Bracey Pond;2 678 830;2 681 554;Hancock;Maine;8;8.1;8.1.8;82c;Eastern Temperate Forests;Mixed Wood Plains;Acadian Plains And Hills;Eastern Maine-Southern New Brunswick Plains;9,000;;;7,800;7,200;91,260;117,230;129,580;114,110;165,360;4,750;02/06/2020 09:36:23
1E1-131;LTM_ME;44,647500;-68,059200;44,647140;-68,059240;Anderson Pond;2 679 082;2 679 984;Hancock;Maine;8;8.1;8.1.8;82c;Eastern Temperate Forests;Mixed Wood Plains;Acadian Plains And Hills;Eastern Maine-Southern New Brunswick Plains;6,000;;;4,800;5,440;48,420;69,910;122,420;69,760;215,990;19,650;02/06/2020 09:36:23
1E1-132;LTM_ME;44,637500;-68,078100;44,637680;-68,077460;Little Long Pond;2 679 090;2 681 162;Hancock;Maine;8;8.1;8.1.8;82c;Eastern Temperate Forests;Mixed Wood Plains;Acadian Plains And Hills;Eastern Maine-Southern New Brunswick Plains;25,000;;;24,700;25,220;216,720;69,910;148,810;69,900;348,550;24,790;02/06/2020 09:36:23
1E1-133;LTM_ME;44,634700;-68,072200;44,635030;-68,072150;Tilden Pond;2 679 094;2 681 596;Hancock;Maine;8;8.1;8.1.8;82c;Eastern Temperate Forests;Mixed Wood Plains;Acadian Plains And Hills;Eastern Maine-Southern New Brunswick Plains;9,000;;;15,400;16,030;71,100;69,910;87,690;69,910;144,380;8,730;02/06/2020 09:36:23
1E1-134;LTM_ME;44,633000;-68,090800;44,633840;-68,088530;Mud Pond;2 679 098;2 681 600;Hancock;Maine;8;8.1;8.1.8;82c;Eastern Temperate Forests;Mixed Wood Plains;Acadian Plains And Hills;Eastern Maine-Southern New Brunswick Plains;15,000;;;1,600;1,870;62,190;128,820;185,200;88,200;348,550;26,480;02/06/2020 09:36:23
1E1-135;LTM_ME;44,631400;-68,086100;44,632780;-68,084880;Salmon Pond;2 679 102;2 681 202;Hancock;Maine;8;8.1;8.1.8;82c;Eastern Temperate Forests;Mixed Wood Plains;Acadian Plains And Hills;Eastern Maine-Southern New Brunswick Plains;10,000;;;2,600;2,650;14,850;101,580;104,980;87,650;146,220;14,260;02/06/2020 09:36:23
1E2-060;LTM_ME;46,001100;-68,540600;46,001250;-68,539550;Wiley Pond;166 181 687;1 509;Penobscot;Maine;8;8.1;8.1.8;82b;Eastern Temperate Forests;Mixed Wood Plains;Acadian Plains And Hills;Aroostook Hills;6,000;;;11,400;11,060;316,170;236,420;253,950;236,200;292,150;4,800;02/06/2020 09:36:23
020265;LTM_ALTM;44,158860;-73,951400;44,157900;-73,952110;Marcy Dam Pond;;9 528 203;Essex;New York;5;5.3;5.3.1;58z;Northern Forests;Atlantic Highlands;Northern Appalachian And Atlantic Maritime Highlands;Adirondack High Peaks;2,400;0,700;;1,200;1,250;1168,110;718,970;1068,290;716,320;1553,660;35,150;02/06/2020 09:36:22
040186;LTM_ALTM;43,963600;-75,042530;43,962920;-75,043050;Loon Hollow Pond;15 494 526;15 495 440;Herkimer;New York;5;5.3;5.3.1;58aa;Northern Forests;Atlantic Highlands;Northern Appalachian And Atlantic Maritime Highlands;Acid Sensitive Adirondacks;11,600;3,400;;5,700;6,510;60,390;604,970;624,640;604,780;661,020;10,900;02/06/2020 09:36:22
1A1-087;LTM_ALTM;43,804970;-74,830770;43,805290;-74,828900;Windfall Pond;;15 510 432;Herkimer;New York;5;5.3;5.3.1;58aa;Northern Forests;Atlantic Highlands;Northern Appalachian And Atlantic Maritime Highlands;Acid Sensitive Adirondacks;6,100;3,200;;2,400;2,060;38,790;591,800;651,560;604,760;721,810;20,700;02/06/2020 09:36:22
BNR;LTM_PA;40,934400;-78,022800;;;Benner Creek;4 673 007;4 673 007;Centre;Pennsylvania;8;8;8.4;69a;Eastern Temperate Forests;Ozark/Ouachita-Appalachian Forests;Central Appalachians;Forested Hills and Mountains;;;;;;;585,480;677,090;578,080;748,330;9,000;
DR01;VTSSS;38,279600;-78,763900;;;Deep Run;5 908 591;5 908 591;Rockingham;Virginia;8;8;8.4;67a;Eastern Temperate Forests;Ozark/Ouachita-Appalachian Forests;Ridge And Valley;Northern Limestone/Dolomite Valleys;;;;;;;411,580;609,550;412,620;889,540;20,740;
LNN;LTM_PA;40,144000;-79,210300;;;Linn Creek;4 582 798;4 582 798;Westmoreland;Pennsylvania;8;8;8.4;69a;Eastern Temperate Forests;Ozark/Ouachita-Appalachian Forests;Central Appalachians;Forested Hills and Mountains;;;;;;;655,440;800,550;611,870;912,270;10,000;
M002;VTSSS;36,973100;-81,784800;;;Laurel Bed Creek;19 761 954;19 761 954;Tazewell;Virginia;8;8;8.4;67h;Eastern Temperate Forests;Ozark/Ouachita-Appalachian Forests;Ridge And Valley;Southern Sandstone Ridges;;;;;;;553,320;1157,820;1093,220;1222,210;8,390;
M003;VTSSS;36,954100;-81,813500;;;Laurel Bed Lake (Outlet);19 761 298;19 761 298;Russell;Virginia;8;8;8.4;67h;Eastern Temperate Forests;Ozark/Ouachita-Appalachian Forests;Ridge And Valley;Southern Sandstone Ridges;;;;;;;1076,890;1139,200;1072,180;1319,570;8,970;
M004;VTSSS;36,927900;-81,840200;;;Red Creek;19 761 346;19 761 346;Russell;Virginia;8;8;8.4;67h;Eastern Temperate Forests;Ozark/Ouachita-Appalachian Forests;Ridge And Valley;Southern Sandstone Ridges;;;;;;;774,490;1213,470;756,910;1428,390;17,270;
MAD2;VTSSS;38,251500;-78,747100;;;Madison Run (Upper);5 908 595;5 908 595;Rockingham;Virginia;8;8;8.4;66b;Eastern Temperate Forests;Ozark/Ouachita-Appalachian Forests;Blue Ridge;Northern Sedimentary and Metasedimentary Ridges;;;;;;;448,430;661,760;455,050;877,910;17,860;
ME-0441;LTM_ME;44,702800;-68,583300;44,707270;-68,583700;Second Pond;2 679 016;2 679 852;Hancock;Maine;8;8.1;8.1.8;82c;Eastern Temperate Forests;Mixed Wood Plains;Acadian Plains And Hills;Eastern Maine-Southern New Brunswick Plains;13,000;;;27,000;22,880;294,030;128,970;163,370;125,090;258,080;15,450;02/06/2020 09:36:25
ME-2068;LTM_ME;45,837800;-68,932200;45,839280;-68,926990;Abol Pond;1 699 306;1 700 386;Piscataquis;Maine;5;5.3;5.3.1;58m;Northern Forests;Atlantic Highlands;Northern Appalachian And Atlantic Maritime Highlands;Quebec/New England Boundary Mountains;10,000;;;36,000;32,400;1183,950;181,300;358,240;180,100;833,790;14,090;02/06/2020 09:36:25
ME-4474;LTM_ME;44,786100;-68,181900;44,785710;-68,180560;Duck Pond;;2 680 758;Hancock;Maine;8;8.1;8.1.8;82c;Eastern Temperate Forests;Mixed Wood Plains;Acadian Plains And Hills;Eastern Maine-Southern New Brunswick Plains;3,000;;;2,000;4,050;5538,240;83,400;107,380;79,720;210,990;5,050;02/06/2020 09:36:25
ME-4575;LTM_ME;44,811900;-68,429700;44,812050;-68,428980;Jellison Hl Pd;2 678 948;2 681 058;Hancock;Maine;8;8.1;8.1.8;82c;Eastern Temperate Forests;Mixed Wood Plains;Acadian Plains And Hills;Eastern Maine-Southern New Brunswick Plains;17,000;;;18,000;14,020;223,020;122,910;170,390;122,900;280,660;14,950;02/06/2020 09:36:25
ME-4778;LTM_ME;45,030800;-68,193100;45,031130;-68,191670;Crystal Pond;2 674 768;2 675 316;Hancock;Maine;8;8.1;8.1.8;82c;Eastern Temperate Forests;Mixed Wood Plains;Acadian Plains And Hills;Eastern Maine-Southern New Brunswick Plains;9,000;;;10,000;7,580;31,680;112,910;119,830;112,880;132,460;7,440;02/06/2020 09:36:25
ME-9998;LTM_ME;44,336400;-69,271100;44,334460;-69,270640;Newbert Pond;5 202 046;5 204 296;Knox;Maine;8;8.1;8.1.8;82e;Eastern Temperate Forests;Mixed Wood Plains;Acadian Plains And Hills;Central Maine Embayment;4,000;;;13,000;13,390;;89,170;;;;;02/06/2020 09:36:25
ME-9999;LTM_ME;44,860500;-68,403700;44,860530;-68,404040;Partridge Pond;2 678 918;2 681 576;Hancock;Maine;8;8.1;8.1.8;82c;Eastern Temperate Forests;Mixed Wood Plains;Acadian Plains And Hills;Eastern Maine-Southern New Brunswick Plains;7,000;;;9,000;11,030;144,360;176,910;208,650;176,900;273,850;13,940;02/06/2020 09:36:25
NFDR;VTSSS;38,633700;-78,357700;;;North Fork Of Dry Run;;5 906 843;Page;Virginia;8;8;8.4;66a;Eastern Temperate Forests;Ozark/Ouachita-Appalachian Forests;Blue Ridge;Northern Igneous Ridges;;;;;;;486,810;762,250;486,810;1034,340;22,290;
PAIN;VTSSS;38,198600;-78,793400;;;Paine Run;5 908 397;5 908 397;Augusta;Virginia;8;8;8.4;66b;Eastern Temperate Forests;Ozark/Ouachita-Appalachian Forests;Blue Ridge;Northern Sedimentary and Metasedimentary Ridges;;;;;;;427,420;640,260;425,510;1022,720;22,080;
PINE;VTSSS;38,701800;-78,267800;;;Piney River (Upper);8 466 037;8 466 037;Rappahannock;Virginia;8;8;8.4;66a;Eastern Temperate Forests;Ozark/Ouachita-Appalachian Forests;Blue Ridge;Northern Igneous Ridges;;;;;;;364,180;692,700;364,820;1056,330;14,620;
RBS;LTM_PA;41,170000;-78,406100;;;Roberts Creek;4 671 711;4 671 711;Clearfield;Pennsylvania;5;5;5.3;62d;Northern Forests;Atlantic Highlands;North Central Appalachians;Unglaciated High Allegheny Plateau;;;;;;;512,240;634,610;512,150;729,420;5,000;
SK01;VTSSS;38,341500;-79,613800;;;Ravens Run;;8 520 499;Highland;Virginia;8;8;8.4;67c;Eastern Temperate Forests;Ozark/Ouachita-Appalachian Forests;Ridge And Valley;Northern Sandstone Ridges;;;;;;;936,840;1074,640;936,840;1208,180;23,660;
STAN;VTSSS;38,444600;-78,370800;;;Staunton River;8 468 285;8 468 285;Madison;Virginia;8;8;8.4;66a;Eastern Temperate Forests;Ozark/Ouachita-Appalachian Forests;Blue Ridge;Northern Igneous Ridges;;;;;;;307,120;750,910;307,120;1171,340;19,400;
STN;LTM_PA;41,097800;-78,446700;;;Stone Creek;4 671 983;4 671 983;Clearfield;Pennsylvania;5;5;5.3;62d;Northern Forests;Atlantic Highlands;North Central Appalachians;Unglaciated High Allegheny Plateau;;;;;;;495,950;640,140;483,900;699,520;6,000;
VT01;VTSSS;36,643000;-81,570700;;;Helton Creek;6 889 400;6 889 400;Grayson;Virginia;8;8;8.4;66d;Eastern Temperate Forests;Ozark/Ouachita-Appalachian Forests;Blue Ridge;Southern Crystalline Ridges and Mountains;;;;;;;1218,770;1423,320;1218,770;1725,230;14,900;
VT02;VTSSS;36,689300;-81,519000;;;Lewis Fork;6 888 926;6 888 926;Grayson;Virginia;8;8;8.4;66d;Eastern Temperate Forests;Ozark/Ouachita-Appalachian Forests;Blue Ridge;Southern Crystalline Ridges and Mountains;;;;;;;1110,090;1404,880;1106,940;1736,390;15,230;
VT03;VTSSS;36,696300;-81,524900;;;Fox Creek;6 888 828;6 888 828;Grayson;Virginia;8;8;8.4;66d;Eastern Temperate Forests;Ozark/Ouachita-Appalachian Forests;Blue Ridge;Southern Crystalline Ridges and Mountains;;;;;;;1120,610;1251,040;1113,400;1355,220;14,670;
VT04;VTSSS;36,636700;-81,471500;;;Little Wilson Creek;6 890 316;6 890 316;Grayson;Virginia;8;8;8.4;66d;Eastern Temperate Forests;Ozark/Ouachita-Appalachian Forests;Blue Ridge;Southern Crystalline Ridges and Mountains;;;;;;;1069,430;1422,760;1311,840;1502,680;10,310;
VT05;VTSSS;36,746200;-81,425700;;;Raccoon Branch (Lower);19 751 299;19 751 299;Smyth;Virginia;8;8;8.4;66e;Eastern Temperate Forests;Ozark/Ouachita-Appalachian Forests;Blue Ridge;Southern Sedimentary Ridges;;;;;;;849,650;1005,940;836,380;1185,310;18,450;
VT06;VTSSS;36,735600;-81,563200;;;Rowland Creek (Lower);19 751 373;19 751 373;Smyth;Virginia;8;8;8.4;66e;Eastern Temperate Forests;Ozark/Ouachita-Appalachian Forests;Blue Ridge;Southern Sedimentary Ridges;;;;;;;787,800;1117,490;787,800;1413,460;20,680;
VT07;VTSSS;37,053100;-81,434800;;;Cove Branch;19 760 910;19 760 910;Tazewell;Virginia;8;8;8.4;67h;Eastern Temperate Forests;Ozark/Ouachita-Appalachian Forests;Ridge And Valley;Southern Sandstone Ridges;;;;;;;928,050;1255,180;934,870;1427,450;15,800;
VT08;VTSSS;37,053200;-81,434400;;;Roaring Fork (Upper);19 760 892;19 760 892;Tazewell;Virginia;8;8;8.4;67h;Eastern Temperate Forests;Ozark/Ouachita-Appalachian Forests;Ridge And Valley;Southern Sandstone Ridges;;;;;;;930,520;1182,180;932,430;1432,370;14,530;
VT09;VTSSS;37,035300;-81,480500;;;Roaring Fork (Lower);19 760 926;19 760 926;Tazewell;Virginia;8;8;8.4;67h;Eastern Temperate Forests;Ozark/Ouachita-Appalachian Forests;Ridge And Valley;Southern Sandstone Ridges;;;;;;;668,620;1172,490;834,560;1432,370;14,390;
VT10;VTSSS;38,165300;-79,670900;;;Laurel Run;;8 520 547;Bath;Virginia;8;8;8.4;67c;Eastern Temperate Forests;Ozark/Ouachita-Appalachian Forests;Ridge And Valley;Northern Sandstone Ridges;;;;;;;741,570;923,300;739,920;1139,840;15,720;
VT11;VTSSS;38,019600;-79,761000;;;Mare Run;8 520 759;8 520 759;Bath;Virginia;8;8;8.4;67c;Eastern Temperate Forests;Ozark/Ouachita-Appalachian Forests;Ridge And Valley;Northern Sandstone Ridges;;;;;;;621,390;921,800;631,180;1102,590;16,810;
VT12;VTSSS;38,019200;-79,760700;;;Panther Run;;8 520 759;Bath;Virginia;8;8;8.4;67c;Eastern Temperate Forests;Ozark/Ouachita-Appalachian Forests;Ridge And Valley;Northern Sandstone Ridges;;;;;;;621,310;859,410;637,500;1076,780;17,720;
VT14;VTSSS;37,982400;-79,766000;;;Little Wilson Creek;8 521 235;8 521 235;Bath;Virginia;8;8;8.4;67b;Eastern Temperate Forests;Ozark/Ouachita-Appalachian Forests;Ridge And Valley;Northern Shale Valleys;;;;;;;571,570;844,680;573,960;1137,290;15,960;
VT15;VTSSS;37,974400;-79,771600;;;Porters Mill Creek;8 521 275;8 521 275;Bath;Virginia;8;8;8.4;67b;Eastern Temperate Forests;Ozark/Ouachita-Appalachian Forests;Ridge And Valley;Northern Shale Valleys;;;;;;;604,230;820,860;604,330;1172,090;16,050;
VT16;VTSSS;37,820200;-79,671600;;;North Branch Of Simpson Creek;8 521 989;8 521 989;Alleghany;Virginia;8;8;8.4;67b;Eastern Temperate Forests;Ozark/Ouachita-Appalachian Forests;Ridge And Valley;Northern Shale Valleys;;;;;;;426,730;759,180;425,930;1069,810;20,310;
VT18;VTSSS;38,534900;-79,634700;;;Bearwallow Run;8 423 144;8 423 144;Highland;Virginia;8;8;8.4;67d;Eastern Temperate Forests;Ozark/Ouachita-Appalachian Forests;Ridge And Valley;Northern Dissected Ridges and Knobs;;;;;;;957,660;1094,150;961,310;1190,640;13,660;
VT19;VTSSS;38,536700;-79,633500;;;Lost Run;;8 423 532;Highland;Virginia;8;8;8.4;67d;Eastern Temperate Forests;Ozark/Ouachita-Appalachian Forests;Ridge And Valley;Northern Dissected Ridges and Knobs;;;;;;;955,790;1126,580;961,760;1233,290;14,560;
VT22;VTSSS;37,529300;-79,552600;;;Cornelius Creek;8 523 217;8 523 217;Botetourt;Virginia;8;8;8.4;66a;Eastern Temperate Forests;Ozark/Ouachita-Appalachian Forests;Blue Ridge;Northern Igneous Ridges;;;;;;;450,390;799,460;450,390;1084,000;21,680;
VT23;VTSSS;37,470200;-79,593300;;;Fallingwater Creek (Upper);8 526 123;8 526 123;Botetourt;Virginia;8;8;8.4;66a;Eastern Temperate Forests;Ozark/Ouachita-Appalachian Forests;Blue Ridge;Northern Igneous Ridges;;;;;;;531,590;793,330;527,890;1199,520;18,520;
VT24;VTSSS;37,615300;-80,177600;;;Shawvers Run;8 524 899;8 524 899;Craig;Virginia;8;8;8.4;67h;Eastern Temperate Forests;Ozark/Ouachita-Appalachian Forests;Ridge And Valley;Southern Sandstone Ridges;;;;;;;560,860;792,340;560,860;1159,210;15,550;
VT25;VTSSS;37,573800;-80,127600;;;Cove Branch;8 525 049;8 525 049;Craig;Virginia;8;8;8.4;67g;Eastern Temperate Forests;Ozark/Ouachita-Appalachian Forests;Ridge And Valley;Southern Shale Valleys;;;;;;;561,050;920,680;561,030;1161,340;13,470;
VT26;VTSSS;37,421500;-80,604900;;;Pine Swamp Branch;6 907 447;6 907 447;Giles;Virginia;8;8;8.4;67h;Eastern Temperate Forests;Ozark/Ouachita-Appalachian Forests;Ridge And Valley;Southern Sandstone Ridges;;;;;;;725,100;1015,710;725,100;1200,000;16,010;
VT28;VTSSS;37,438000;-80,561500;;;North Fork Of Stony Creek (Lower);6 907 409;6 907 409;Giles;Virginia;8;8;8.4;67h;Eastern Temperate Forests;Ozark/Ouachita-Appalachian Forests;Ridge And Valley;Southern Sandstone Ridges;;;;;;;835,790;1020,910;832,580;1239,060;12,720;
VT29;VTSSS;37,397200;-80,474500;;;War Spur Branch (Upper);8 526 913;8 526 913;Giles;Virginia;8;8;8.4;67h;Eastern Temperate Forests;Ozark/Ouachita-Appalachian Forests;Ridge And Valley;Southern Sandstone Ridges;;;;;;;716,550;1043,600;713,410;1229,820;13,530;
VT31;VTSSS;37,239600;-80,918900;;;Nobusiness Creek;6 908 615;6 908 615;Giles;Virginia;8;8;8.4;67h;Eastern Temperate Forests;Ozark/Ouachita-Appalachian Forests;Ridge And Valley;Southern Sandstone Ridges;;;;;;;768,750;999,550;760,380;1237,950;11,120;
VT32;VTSSS;37,380400;-80,576500;;;Laurel Creek;6 907 697;6 907 697;Giles;Virginia;8;8;8.4;67h;Eastern Temperate Forests;Ozark/Ouachita-Appalachian Forests;Ridge And Valley;Southern Sandstone Ridges;;;;;;;943,640;1135,270;944,480;1280,200;9,340;
VT33;VTSSS;37,934300;-79,495600;;;Guys Run (Upper);8 540 023;8 540 023;Rockbridge;Virginia;8;8;8.4;67c;Eastern Temperate Forests;Ozark/Ouachita-Appalachian Forests;Ridge And Valley;Northern Sandstone Ridges;;;;;;;499,260;711,480;486,590;1009,350;17,350;
VT34;VTSSS;37,928900;-79,455200;;;Laurel Run;8 538 941;8 538 941;Rockbridge;Virginia;8;8;8.4;67c;Eastern Temperate Forests;Ozark/Ouachita-Appalachian Forests;Ridge And Valley;Northern Sandstone Ridges;;;;;;;388,230;709,880;388,230;1050,300;20,090;
VT36;VTSSS;38,158700;-78,805900;;;Meadow Run;5 908 425;5 908 783;Augusta;Virginia;8;8;8.4;66b;Eastern Temperate Forests;Ozark/Ouachita-Appalachian Forests;Blue Ridge;Northern Sedimentary and Metasedimentary Ridges;;;;;;;467,750;716,650;467,800;925,160;19,840;
VT37;VTSSS;38,401200;-79,283500;;;North River;5 908 933;5 908 933;Augusta;Virginia;8;8;8.4;67d;Eastern Temperate Forests;Ozark/Ouachita-Appalachian Forests;Ridge And Valley;Northern Dissected Ridges and Knobs;;;;;;;812,190;1052,940;815,100;1304,990;17,840;
VT38;VTSSS;38,315900;-79,353600;;;Ramseys Draft (Middle);8 538 463;8 538 463;Augusta;Virginia;8;8;8.4;67d;Eastern Temperate Forests;Ozark/Ouachita-Appalachian Forests;Ridge And Valley;Northern Dissected Ridges and Knobs;;;;;;;707,470;1009,180;707,470;1304,890;21,530;
VT39;VTSSS;37,963100;-79,014100;;;Kennedy Creek;5 910 063;5 910 063;Augusta;Virginia;8;8;8.4;66b;Eastern Temperate Forests;Ozark/Ouachita-Appalachian Forests;Blue Ridge;Northern Sedimentary and Metasedimentary Ridges;;;;;;;565,660;808,750;564,870;1050,660;18,370;
VT40;VTSSS;37,940400;-79,006600;;;Mills Creek;5 910 075;5 910 075;Augusta;Virginia;8;8;8.4;66b;Eastern Temperate Forests;Ozark/Ouachita-Appalachian Forests;Blue Ridge;Northern Sedimentary and Metasedimentary Ridges;;;;;;;602,900;796,010;602,700;1086,970;20,980;
VT41;VTSSS;37,924700;-79,135800;;;Saint Marys River (Lower);8 540 021;8 540 021;Augusta;Virginia;8;8;8.4;66b;Eastern Temperate Forests;Ozark/Ouachita-Appalachian Forests;Blue Ridge;Northern Sedimentary and Metasedimentary Ridges;;;;;;;536,080;857,740;530,330;1108,610;19,590;
VT42;VTSSS;37,532900;-79,464900;;;Hunting Creek;8 549 587;8 549 587;Bedford;Virginia;8;8;8.4;66a;Eastern Temperate Forests;Ozark/Ouachita-Appalachian Forests;Blue Ridge;Northern Igneous Ridges;;;;;;;574,570;891,180;574,570;1196,760;19,270;
VT43;VTSSS;37,787800;-79,154100;;;Greasy Spring Branch;8 548 595;8 548 595;Amherst;Virginia;8;8;8.4;66a;Eastern Temperate Forests;Ozark/Ouachita-Appalachian Forests;Blue Ridge;Northern Igneous Ridges;;;;;;;753,350;1035,700;764,140;1233,500;17,330;
VT44;VTSSS;37,757600;-79,129900;;;Georges Creek;8 548 705;8 548 705;Amherst;Virginia;8;8;8.4;66a;Eastern Temperate Forests;Ozark/Ouachita-Appalachian Forests;Blue Ridge;Northern Igneous Ridges;;;;;;;492,550;846,210;488,610;1219,850;20,490;
VT45;VTSSS;37,633200;-79,340000;;;Otter Creek (Upper);8 549 101;8 549 101;Amherst;Virginia;8;8;8.4;66b;Eastern Temperate Forests;Ozark/Ouachita-Appalachian Forests;Blue Ridge;Northern Sedimentary and Metasedimentary Ridges;;;;;;;405,510;628,190;400,450;1015,150;19,810;
VT46;VTSSS;37,726000;-79,200000;;;Little Cove Creek;8 548 759;8 548 759;Amherst;Virginia;8;8;8.4;66a;Eastern Temperate Forests;Ozark/Ouachita-Appalachian Forests;Blue Ridge;Northern Igneous Ridges;;;;;;;510,940;922,570;510,940;1228,860;22,990;
VT48;VTSSS;36,958300;-80,659700;;;Big Macks Creek (Lower);6 885 344;6 885 344;Pulaski;Virginia;8;8;8.4;66e;Eastern Temperate Forests;Ozark/Ouachita-Appalachian Forests;Blue Ridge;Southern Sedimentary Ridges;;;;;;;659,650;861,650;659,810;1061,320;17,830;
VT49;VTSSS;38,938200;-78,645500;;;Little Stony Creek (Lower);8 440 805;8 440 805;Shenandoah;Virginia;8;8;8.4;67c;Eastern Temperate Forests;Ozark/Ouachita-Appalachian Forests;Ridge And Valley;Northern Sandstone Ridges;;;;;;;466,330;759,220;466,330;1004,640;15,720;
VT50;VTSSS;38,904900;-78,730800;;;Laurel Run (Upper);8 440 837;8 440 837;Shenandoah;Virginia;8;8;8.4;67c;Eastern Temperate Forests;Ozark/Ouachita-Appalachian Forests;Ridge And Valley;Northern Sandstone Ridges;;;;;;;525,900;750,490;525,910;988,900;16,240;
VT51;VTSSS;38,715800;-78,381600;;;Jeremys Run;5 907 057;5 907 057;Page;Virginia;8;8;8.4;66b;Eastern Temperate Forests;Ozark/Ouachita-Appalachian Forests;Blue Ridge;Northern Sedimentary and Metasedimentary Ridges;;;;;;;287,070;624,700;286,260;1049,990;18,830;
VT52;VTSSS;38,524900;-78,664500;;;Morgan Run;;5 906 895;Page;Virginia;8;8;8.4;67c;Eastern Temperate Forests;Ozark/Ouachita-Appalachian Forests;Ridge And Valley;Northern Sandstone Ridges;;;;;;;509,720;730,830;509,720;933,050;16,140;
VT53;VTSSS;38,333900;-78,671200;;;Twomile Run;5 908 269;5 908 269;Rockingham;Virginia;8;8;8.4;66b;Eastern Temperate Forests;Ozark/Ouachita-Appalachian Forests;Blue Ridge;Northern Sedimentary and Metasedimentary Ridges;;;;;;;373,130;583,780;371,480;858,860;23,250;
VT54;VTSSS;38,681400;-79,066400;;;German River (Upper);8 441 493;8 441 493;Rockingham;Virginia;8;8;8.4;67d;Eastern Temperate Forests;Ozark/Ouachita-Appalachian Forests;Ridge And Valley;Northern Dissected Ridges and Knobs;;;;;;;768,560;992,720;768,560;1176,190;15,700;
VT56;VTSSS;38,429600;-79,139900;;;Wolf Run;;5 908 921;Augusta;Virginia;8;8;8.4;67d;Eastern Temperate Forests;Ozark/Ouachita-Appalachian Forests;Ridge And Valley;Northern Dissected Ridges and Knobs;;;;;;;596,770;860,010;594,180;1166,030;17,920;
VT57;VTSSS;38,509000;-79,065300;;;Black Run;5 907 439;5 907 439;Rockingham;Virginia;8;8;8.4;67d;Eastern Temperate Forests;Ozark/Ouachita-Appalachian Forests;Ridge And Valley;Northern Dissected Ridges and Knobs;;;;;;;525,190;835,740;526,560;1243,560;19,980;
VT58;VTSSS;38,570500;-78,304400;;;Brokenback Run (Upper);932 080 034;932 080 034;Madison;Virginia;8;8;8.4;66a;Eastern Temperate Forests;Ozark/Ouachita-Appalachian Forests;Blue Ridge;Northern Igneous Ridges;;;;;;;339,380;689,920;339,610;1128,800;16,960;
VT61;VTSSS;38,693000;-78,274100;;;North Fork Of Thornton River;8 466 039;8 466 039;Rappahannock;Virginia;8;8;8.4;66a;Eastern Temperate Forests;Ozark/Ouachita-Appalachian Forests;Blue Ridge;Northern Igneous Ridges;;;;;;;333,860;606,370;333,770;928,560;15,710;
VT62;VTSSS;38,616200;-78,263900;;;Hazel River;8 466 043;8 466 043;Rappahannock;Virginia;8;8;8.4;66a;Eastern Temperate Forests;Ozark/Ouachita-Appalachian Forests;Blue Ridge;Northern Igneous Ridges;;;;;;;341,320;709,100;346,730;1124,400;15,660;
VT63;VTSSS;37,790000;-79,102900;;;Shoe Creek;8 548 591;8 548 591;Nelson;Virginia;8;8;8.4;66a;Eastern Temperate Forests;Ozark/Ouachita-Appalachian Forests;Blue Ridge;Northern Igneous Ridges;;;;;;;432,490;845,090;431,020;1228,680;21,000;
VT64;VTSSS;37,850500;-79,078400;;;Crabtree Creek;8 548 477;8 548 477;Nelson;Virginia;8;8;8.4;66a;Eastern Temperate Forests;Ozark/Ouachita-Appalachian Forests;Blue Ridge;Northern Igneous Ridges;;;;;;;496,350;946,320;486,030;1125,650;16,520;
VT65;VTSSS;37,850800;-79,080700;;;Meadow Creek;8 548 499;8 548 499;Nelson;Virginia;8;8;8.4;66a;Eastern Temperate Forests;Ozark/Ouachita-Appalachian Forests;Blue Ridge;Northern Igneous Ridges;;;;;;;500,820;880,120;494,590;1135,990;20,160;
VT66;VTSSS;38,515500;-78,366800;;;Rose River;8 465 881;8 465 881;Madison;Virginia;8;8;8.4;66a;Eastern Temperate Forests;Ozark/Ouachita-Appalachian Forests;Blue Ridge;Northern Igneous Ridges;;;;;;;343,430;831,310;343,430;1225,270;15,710;
VT67;VTSSS;36,570500;-80,855300;;;East Fork Of Chestnut Creek (Lower);6 886 928;6 886 928;Grayson;Virginia;8;8;8.4;66c;Eastern Temperate Forests;Ozark/Ouachita-Appalachian Forests;Blue Ridge;New River Plateau;;;;;;;787,020;894,020;786,580;1080,010;14,140;
VT75;VTSSS;38,541100;-78,350100;;;White Oak Canyon Run (Lower);8 466 053;8 466 053;Madison;Virginia;8;8;8.4;66a;Eastern Temperate Forests;Ozark/Ouachita-Appalachian Forests;Blue Ridge;Northern Igneous Ridges;;;;;;;357,280;730,080;349,790;1165,270;17,760;
VT76;VTSSS;37,573400;-79,490700;;;Belfast Creek;8 522 891;8 522 891;Rockbridge;Virginia;8;8;8.4;66b;Eastern Temperate Forests;Ozark/Ouachita-Appalachian Forests;Blue Ridge;Northern Sedimentary and Metasedimentary Ridges;;;;;;;319,360;545,280;318,570;817,790;19,770;
VT77;VTSSS;37,599500;-79,413500;;;Matts Creek;8 549 291;8 549 291;Bedford;Virginia;8;8;8.4;66a;Eastern Temperate Forests;Ozark/Ouachita-Appalachian Forests;Blue Ridge;Northern Igneous Ridges;;;;;;;254,810;513,620;254,360;817,980;26,080;
VT78;VTSSS;36,971400;-81,691000;;;Little Tumbling Creek;19 761 212;19 761 212;Tazewell;Virginia;8;8;8.4;67h;Eastern Temperate Forests;Ozark/Ouachita-Appalachian Forests;Ridge And Valley;Southern Sandstone Ridges;;;;;;;790,130;1063,910;788,720;1375,800;15,810;
VT80;VTSSS;38,947000;-78,635900;;;Little Stony Creek (Upper);8 440 805;8 440 805;Shenandoah;Virginia;8;8;8.4;67c;Eastern Temperate Forests;Ozark/Ouachita-Appalachian Forests;Ridge And Valley;Northern Sandstone Ridges;;;;;;;528,550;794,820;529,750;1004,640;15,570;
VT81;VTSSS;36,571400;-80,848200;;;East Fork Of Chestnut Creek (Upper);6 886 930;6 886 930;Grayson;Virginia;8;8;8.4;66c;Eastern Temperate Forests;Ozark/Ouachita-Appalachian Forests;Blue Ridge;New River Plateau;;;;;;;799,310;905,450;799,310;1080,010;14,170;
WOR1;VTSSS;38,250800;-78,748500;;;White Oak Run (Lower);5 908 593;5 908 593;Rockingham;Virginia;8;8;8.4;66b;Eastern Temperate Forests;Ozark/Ouachita-Appalachian Forests;Blue Ridge;Northern Sedimentary and Metasedimentary Ridges;;;;;;;451,520;667,290;451,480;1016,460;21,870;
WWW;LTM_PA;40,351400;-79,051100;;;Baldwin Creek;4 754 356;4 754 356;Westmoreland;Pennsylvania;8;8;8.4;69a;Eastern Temperate Forests;Ozark/Ouachita-Appalachian Forests;Central Appalachians;Forested Hills and Mountains;;;;;;;433,890;679,900;430,220;831,420;11,000;
